close,high,low,open,timestamp,volume,datetime
61346.3,61356.57,61346.3,61356.57,1635724800,13.67464861,2021-11-01 00:00:00
61322.99,61322.99,61315.79,61315.79,1635724860,0.05245020,2021-11-01 00:01:00
61364.51,61364.51,61253.8,61334.71,1635724920,5.41792386,2021-11-01 00:02:00
61288.03,61413.73,61288.03,61413.73,1635724980,0.79947091,2021-11-01 00:03:00
61270.4,61270.4,61181.31,61255.25,1635725040,1.15713289,2021-11-01 00:04:00
61316.72,61316.72,61316.72,61316.72,1635725100,0.00200000,2021-11-01 00:05:00
61399.34,61399.34,61368,61384.96,1635725160,2.95934093,2021-11-01 00:06:00
61415.9,61431.62,61414,61414,1635725220,0.46691972,2021-11-01 00:07:00
61415.9,61415.9,61415.9,61415.9,1635725280,0.00000000,2021-11-01 00:08:00
61444.77,61444.77,61416.25,61416.25,1635725340,0.14580000,2021-11-01 00:09:00
61480.18,61502.86,61473.06,61484,1635725400,0.15093981,2021-11-01 00:10:00
61418.29,61418.29,61418.29,61418.29,1635725460,0.01600000,2021-11-01 00:11:00
61487.79,61506.62,61484.65,61484.65,1635725520,1.28495779,2021-11-01 00:12:00
61513.1,61513.1,61496.97,61496.97,1635725580,0.46944692,2021-11-01 00:13:00
61573.53,61576.06,61529.23,61529.23,1635725640,0.92394691,2021-11-01 00:14:00
61560.47,61591.81,61551.09,61565.47,1635725700,0.95707373,2021-11-01 00:15:00
61623.14,61623.14,61537.27,61537.27,1635725760,0.71860726,2021-11-01 00:16:00
61606.2,61623.14,61606.2,61623.14,1635725820,0.33376942,2021-11-01 00:17:00
61623.14,61623.14,61591.83,61600,1635725880,2.47141485,2021-11-01 00:18:00
61700,61700,61612.86,61612.86,1635725940,6.68847504,2021-11-01 00:19:00
61596.96,61700.04,61579.5,61699.38,1635726000,5.78177956,2021-11-01 00:20:00
61626.44,61628.82,61613.51,61613.51,1635726060,0.14038671,2021-11-01 00:21:00
61548.65,61633.21,61540.51,61633.21,1635726120,1.49087161,2021-11-01 00:22:00
61561.7,61561.7,61559.85,61559.85,1635726180,1.58822704,2021-11-01 00:23:00
61522.18,61576.09,61522.18,61576.09,1635726240,1.29143209,2021-11-01 00:24:00
61611.18,61611.18,61555.31,61555.31,1635726300,0.23860874,2021-11-01 00:25:00
61590.32,61618.96,61590.32,61618.96,1635726360,0.30435907,2021-11-01 00:26:00
61597.91,61612.68,61597.91,61612.68,1635726420,0.22723585,2021-11-01 00:27:00
61598.12,61598.12,61598.12,61598.12,1635726480,0.05420812,2021-11-01 00:28:00
61578.09,61578.09,61569.29,61569.29,1635726540,0.08691851,2021-11-01 00:29:00
61609.34,61645.27,61609.34,61635.58,1635726600,3.08469040,2021-11-01 00:30:00
61609.34,61609.34,61609.34,61609.34,1635726660,0.00000000,2021-11-01 00:31:00
61547.31,61571.09,61547.31,61571.09,1635726720,0.11049000,2021-11-01 00:32:00
61547.19,61547.19,61547.19,61547.19,1635726780,0.04800000,2021-11-01 00:33:00
61505.18,61505.18,61478.42,61478.42,1635726840,0.08476596,2021-11-01 00:34:00
61516.63,61516.63,61510.68,61510.68,1635726900,0.08379546,2021-11-01 00:35:00
61525.83,61525.83,61525.83,61525.83,1635726960,0.00149790,2021-11-01 00:36:00
61495.35,61499.05,61495.35,61499.05,1635727020,0.10787058,2021-11-01 00:37:00
61519.38,61535.52,61519.38,61532.21,1635727080,2.61684978,2021-11-01 00:38:00
61556.43,61561.99,61542.58,61561.99,1635727140,0.01537299,2021-11-01 00:39:00
61488.03,61546.57,61488.03,61546.57,1635727200,0.52953121,2021-11-01 00:40:00
61486.88,61486.88,61441.47,61475,1635727260,0.37982814,2021-11-01 00:41:00
61479.96,61482.09,61479.96,61482.09,1635727320,0.14637537,2021-11-01 00:42:00
61461.7,61467.15,61461.7,61467.15,1635727380,0.12202039,2021-11-01 00:43:00
61424.56,61432.87,61424.56,61432.87,1635727440,0.00121796,2021-11-01 00:44:00
61424.56,61424.56,61424.56,61424.56,1635727500,0.00000000,2021-11-01 00:45:00
61424.56,61424.56,61424.56,61424.56,1635727560,0.00000000,2021-11-01 00:46:00
61424.56,61424.56,61424.56,61424.56,1635727620,0.00000000,2021-11-01 00:47:00
61449.59,61449.59,61446.18,61446.18,1635727680,0.00596229,2021-11-01 00:48:00
61475.79,61486.12,61459.85,61469.2,1635727740,26.35318275,2021-11-01 00:49:00
61492.3,61501.23,61465.22,61469.29,1635727800,0.33418679,2021-11-01 00:50:00
61523.71,61523.71,61523.71,61523.71,1635727860,0.00700000,2021-11-01 00:51:00
61534.75,61540.86,61533.06,61540.86,1635727920,0.06520523,2021-11-01 00:52:00
61499.93,61507.89,61498.11,61507.89,1635727980,0.41230643,2021-11-01 00:53:00
61541.8,61541.8,61529.01,61529.01,1635728040,0.32491433,2021-11-01 00:54:00
61558.94,61575.64,61539.05,61539.05,1635728100,0.56364494,2021-11-01 00:55:00
61571.69,61572.12,61549.35,61566.49,1635728160,0.91779753,2021-11-01 00:56:00
61515.62,61563.17,61515.62,61563.17,1635728220,0.24570707,2021-11-01 00:57:00
61552.41,61553.99,61516.88,61521.11,1635728280,0.10769598,2021-11-01 00:58:00
61607.17,61608.58,61552.41,61552.41,1635728340,0.66322632,2021-11-01 00:59:00
61654.97,61677.32,61643.01,61643.01,1635728400,0.62140992,2021-11-01 01:00:00
61675,61694,61675,61686.66,1635728460,0.56150000,2021-11-01 01:01:00
61650.69,61680.51,61650.69,61680.51,1635728520,0.77026124,2021-11-01 01:02:00
61675,61675,61588.52,61645.53,1635728580,1.42013091,2021-11-01 01:03:00
61675,61705.77,61675,61679.3,1635728640,2.94903762,2021-11-01 01:04:00
61675,61712,61675,61682.83,1635728700,3.47255000,2021-11-01 01:05:00
61709.18,61709.18,61646.59,61667.87,1635728760,2.36462859,2021-11-01 01:06:00
61712.57,61713.91,61712.57,61713.91,1635728820,0.25080000,2021-11-01 01:07:00
61758.11,61758.11,61723.18,61741.47,1635728880,3.82068868,2021-11-01 01:08:00
61712.46,61712.46,61712.46,61712.46,1635728940,0.00040266,2021-11-01 01:09:00
61721.42,61721.42,61721.42,61721.42,1635729000,0.04050000,2021-11-01 01:10:00
61761.78,61761.78,61761.78,61761.78,1635729060,0.05000000,2021-11-01 01:11:00
61755.11,61755.11,61735.82,61735.82,1635729120,0.00388681,2021-11-01 01:12:00
61751.94,61764,61751.22,61761.8,1635729180,0.07092795,2021-11-01 01:13:00
61760.39,61760.39,61730.73,61743.92,1635729240,0.26882957,2021-11-01 01:14:00
61752.69,61771.12,61752.69,61769,1635729300,2.74588636,2021-11-01 01:15:00
61741.55,61755.51,61724.67,61755.51,1635729360,0.77620486,2021-11-01 01:16:00
61704.36,61714.34,61690.96,61714.34,1635729420,0.35809043,2021-11-01 01:17:00
61709.4,61709.4,61709.4,61709.4,1635729480,0.00696295,2021-11-01 01:18:00
61718.25,61718.25,61657.33,61686.49,1635729540,0.31549271,2021-11-01 01:19:00
61702.69,61714.04,61702.69,61714.04,1635729600,0.02513858,2021-11-01 01:20:00
61697.96,61703.43,61692.49,61703.43,1635729660,0.16867093,2021-11-01 01:21:00
61714.1,61714.1,61714.1,61714.1,1635729720,0.01000000,2021-11-01 01:22:00
61678.78,61678.78,61678.78,61678.78,1635729780,0.00065229,2021-11-01 01:23:00
61725.53,61725.53,61695.36,61695.36,1635729840,1.64325348,2021-11-01 01:24:00
61697.28,61697.28,61697.28,61697.28,1635729900,0.00052390,2021-11-01 01:25:00
61697.28,61698.88,61697.28,61698.87,1635729960,0.01988869,2021-11-01 01:26:00
61712.42,61712.42,61712.42,61712.42,1635730020,0.04030890,2021-11-01 01:27:00
61672.24,61677.38,61672.24,61677.38,1635730080,0.02150000,2021-11-01 01:28:00
61672.24,61672.24,61672.24,61672.24,1635730140,0.00000000,2021-11-01 01:29:00
61670.42,61680.51,61670.08,61680.51,1635730200,0.02464961,2021-11-01 01:30:00
61671.08,61671.08,61671.08,61671.08,1635730260,0.00202590,2021-11-01 01:31:00
61580.64,61634.63,61580.64,61632.22,1635730320,1.18282346,2021-11-01 01:32:00
61593.9,61599.12,61576.59,61591.21,1635730380,1.17472839,2021-11-01 01:33:00
61545.39,61593.9,61519.55,61593.9,1635730440,1.66580662,2021-11-01 01:34:00
61526.5,61527.02,61526.5,61527.02,1635730500,0.01497110,2021-11-01 01:35:00
61512.21,61540.35,61512.21,61538.15,1635730560,0.15231847,2021-11-01 01:36:00
61492.57,61527.59,61487.64,61527.59,1635730620,0.16053115,2021-11-01 01:37:00
61548.75,61548.75,61506.77,61506.77,1635730680,0.00384973,2021-11-01 01:38:00
61503.49,61542.47,61503.49,61542.47,1635730740,1.83629431,2021-11-01 01:39:00
61503.49,61503.49,61503.49,61503.49,1635730800,0.00000000,2021-11-01 01:40:00
61502.38,61502.38,61502.38,61502.38,1635730860,0.00500000,2021-11-01 01:41:00
61464.96,61500.02,61462.8,61500.02,1635730920,0.96211914,2021-11-01 01:42:00
61401.83,61459.53,61401.83,61459.53,1635730980,0.35328975,2021-11-01 01:43:00
61428.34,61444.2,61390.76,61391.36,1635731040,1.28870609,2021-11-01 01:44:00
61433.53,61453.2,61402.32,61402.32,1635731100,0.38900085,2021-11-01 01:45:00
61433.53,61433.53,61433.53,61433.53,1635731160,0.00000000,2021-11-01 01:46:00
61395.2,61433.53,61395.2,61433.53,1635731220,0.51610179,2021-11-01 01:47:00
61395.01,61396.45,61395.01,61396.45,1635731280,0.10461959,2021-11-01 01:48:00
61427.31,61427.31,61427.31,61427.31,1635731340,0.29488840,2021-11-01 01:49:00
61458.34,61480.36,61441.06,61441.06,1635731400,0.12052350,2021-11-01 01:50:00
61443.36,61446.29,61443.36,61446.29,1635731460,0.16852238,2021-11-01 01:51:00
61411.15,61422.18,61411.15,61422.18,1635731520,0.02384650,2021-11-01 01:52:00
61411.53,61411.53,61411.53,61411.53,1635731580,0.01008932,2021-11-01 01:53:00
61462.11,61462.11,61446.76,61446.76,1635731640,0.07600000,2021-11-01 01:54:00
61454.39,61454.39,61423.93,61443.35,1635731700,0.60294621,2021-11-01 01:55:00
61429.43,61431.7,61429.43,61431.7,1635731760,0.24799768,2021-11-01 01:56:00
61409.89,61433.29,61409.89,61433.29,1635731820,0.00923300,2021-11-01 01:57:00
61320.45,61388.88,61300,61388.88,1635731880,2.26067706,2021-11-01 01:58:00
61341.34,61341.34,61320.65,61320.65,1635731940,1.07171900,2021-11-01 01:59:00
61245.57,61339.78,61203,61339.78,1635732000,6.46011793,2021-11-01 02:00:00
61258.58,61301.95,61247.33,61247.33,1635732060,1.26391145,2021-11-01 02:01:00
61258.58,61258.58,61258.58,61258.58,1635732120,0.00000000,2021-11-01 02:02:00
61376.99,61376.99,61351.56,61370.46,1635732180,0.03767944,2021-11-01 02:03:00
61392.32,61392.32,61392.32,61392.32,1635732240,0.02136200,2021-11-01 02:04:00
61417.43,61441.97,61386.5,61386.5,1635732300,0.45192233,2021-11-01 02:05:00
61422.97,61446.81,61421.13,61446.81,1635732360,0.86843385,2021-11-01 02:06:00
61440.51,61440.51,61433.86,61433.86,1635732420,0.01071000,2021-11-01 02:07:00
61414.78,61421.73,61414.54,61421.73,1635732480,0.04870034,2021-11-01 02:08:00
61367.5,61414.78,61360.18,61414.78,1635732540,0.08384808,2021-11-01 02:09:00
61376.98,61376.98,61354.33,61354.34,1635732600,0.43204725,2021-11-01 02:10:00
61354.34,61366.57,61354.34,61366.57,1635732660,0.17662595,2021-11-01 02:11:00
61361.08,61361.08,61351.41,61351.41,1635732720,0.01517488,2021-11-01 02:12:00
61335.49,61335.49,61335.49,61335.49,1635732780,0.14000000,2021-11-01 02:13:00
61335.49,61335.49,61335.49,61335.49,1635732840,0.00000000,2021-11-01 02:14:00
61254.73,61254.73,61254.73,61254.73,1635732900,0.00916667,2021-11-01 02:15:00
61262.59,61270.22,61262.59,61270.22,1635732960,0.04600000,2021-11-01 02:16:00
61172.43,61211.9,61160,61211.42,1635733020,0.53257595,2021-11-01 02:17:00
60795.17,61127.81,60631.04,61125,1635733080,21.81100090,2021-11-01 02:18:00
60574.1,60747.86,60321.57,60747.86,1635733140,33.03990728,2021-11-01 02:19:00
60483.49,60696.93,60483.49,60584.71,1635733200,2.12890747,2021-11-01 02:20:00
60355.76,60450.61,60292.43,60450.61,1635733260,7.32270297,2021-11-01 02:21:00
60292.85,60345.07,60234.85,60343.87,1635733320,16.90683419,2021-11-01 02:22:00
60253.38,60320.49,60139.47,60314.86,1635733380,9.37369166,2021-11-01 02:23:00
60237.25,60320,60181.04,60251.85,1635733440,18.56674136,2021-11-01 02:24:00
60375.5,60384.32,60235.85,60238.75,1635733500,21.67917402,2021-11-01 02:25:00
60346.44,60434,60320,60390.33,1635733560,3.54403872,2021-11-01 02:26:00
60215,60354.26,60215,60354.26,1635733620,8.38349313,2021-11-01 02:27:00
60220.15,60220.15,60030.63,60169.12,1635733680,15.41444832,2021-11-01 02:28:00
60269.05,60269.05,60161.48,60258.38,1635733740,5.43177249,2021-11-01 02:29:00
60112.81,60250,60098.1,60250,1635733800,3.47364390,2021-11-01 02:30:00
60241.25,60241.25,60055.22,60098.65,1635733860,2.11029139,2021-11-01 02:31:00
60534.95,60559.76,60258,60258,1635733920,7.15642015,2021-11-01 02:32:00
60406.92,60638.54,60403.83,60550.21,1635733980,7.38100649,2021-11-01 02:33:00
60357.5,60428,60324.66,60425.49,1635734040,2.06000618,2021-11-01 02:34:00
60482.5,60482.5,60381.2,60382,1635734100,3.26336744,2021-11-01 02:35:00
60399.34,60460.42,60300.57,60460.42,1635734160,4.47865632,2021-11-01 02:36:00
60399.5,60399.5,60364.12,60366,1635734220,0.69132994,2021-11-01 02:37:00
60448.89,60451.1,60448.89,60451.1,1635734280,0.40680000,2021-11-01 02:38:00
60487.7,60487.7,60462.8,60462.8,1635734340,0.38287448,2021-11-01 02:39:00
60602.99,60602.99,60478.25,60478.7,1635734400,1.17445278,2021-11-01 02:40:00
60614.98,60669.85,60592.38,60644,1635734460,1.99826274,2021-11-01 02:41:00
60508,60553.87,60508,60551.98,1635734520,1.01281553,2021-11-01 02:42:00
60468.95,60492.63,60421.86,60492.63,1635734580,0.32284473,2021-11-01 02:43:00
60420.95,60462.41,60408.15,60462.41,1635734640,0.19681056,2021-11-01 02:44:00
60338.89,60373.62,60338.89,60373.62,1635734700,1.27102983,2021-11-01 02:45:00
60452.02,60452.02,60369.01,60369.01,1635734760,0.05937979,2021-11-01 02:46:00
60431.53,60436.21,60400,60422.77,1635734820,0.11910000,2021-11-01 02:47:00
60461.27,60461.27,60440.38,60450,1635734880,1.03309723,2021-11-01 02:48:00
60461.52,60483.45,60461.52,60478.83,1635734940,0.14092113,2021-11-01 02:49:00
60491.01,60491.01,60459.55,60459.55,1635735000,0.12482360,2021-11-01 02:50:00
60509.31,60529.91,60491.89,60529.91,1635735060,4.38286908,2021-11-01 02:51:00
60509.31,60509.31,60509.31,60509.31,1635735120,0.00000000,2021-11-01 02:52:00
60547.91,60566.67,60540.13,60560.47,1635735180,0.34487515,2021-11-01 02:53:00
60544.91,60552.98,60522.72,60550.61,1635735240,0.20028083,2021-11-01 02:54:00
60529.59,60537.83,60525,60536.2,1635735300,0.11163752,2021-11-01 02:55:00
60535.06,60549.35,60502.21,60533.91,1635735360,2.76504997,2021-11-01 02:56:00
60550.43,60550.43,60526.35,60535.06,1635735420,0.04671369,2021-11-01 02:57:00
60665.42,60665.42,60574,60574,1635735480,1.86838880,2021-11-01 02:58:00
60575,60649.23,60575,60649.23,1635735540,0.03337582,2021-11-01 02:59:00
60513.6,60567.49,60513.6,60567.49,1635735600,0.45785521,2021-11-01 03:00:00
60545.42,60545.42,60545.42,60545.42,1635735660,0.00600000,2021-11-01 03:01:00
60545.42,60545.42,60545.42,60545.42,1635735720,0.00000000,2021-11-01 03:02:00
60502.87,60520.85,60497.78,60520.85,1635735780,0.27178831,2021-11-01 03:03:00
60500,60500,60425,60452.51,1635735840,0.57442487,2021-11-01 03:04:00
60638.29,60638.29,60482.63,60482.63,1635735900,0.25733828,2021-11-01 03:05:00
60635.77,60635.93,60630.11,60630.11,1635735960,0.46174945,2021-11-01 03:06:00
60644,60644,60640.39,60640.39,1635736020,0.00600000,2021-11-01 03:07:00
60522.48,60614.44,60522.48,60614.44,1635736080,1.75681105,2021-11-01 03:08:00
60492.29,60520.1,60453.33,60510.64,1635736140,0.79980647,2021-11-01 03:09:00
60453.37,60489.21,60453.37,60489.21,1635736200,0.09467071,2021-11-01 03:10:00
60440.85,60475.57,60431.39,60431.39,1635736260,3.16524856,2021-11-01 03:11:00
60374.52,60433.6,60374.52,60431.39,1635736320,0.42777278,2021-11-01 03:12:00
60358.72,60425.92,60358.72,60380.02,1635736380,2.55831791,2021-11-01 03:13:00
60437.24,60437.24,60371.57,60371.57,1635736440,3.17601113,2021-11-01 03:14:00
60394.69,60419.06,60350,60355,1635736500,0.11003026,2021-11-01 03:15:00
60414.06,60414.06,60402.81,60402.81,1635736560,0.35439526,2021-11-01 03:16:00
60298.27,60405.18,60285,60391.92,1635736620,0.39603305,2021-11-01 03:17:00
60295.54,60337.89,60295.54,60320.21,1635736680,0.59402319,2021-11-01 03:18:00
60391.87,60391.87,60325.07,60325.07,1635736740,0.23018706,2021-11-01 03:19:00
60428.66,60444.7,60382.62,60382.62,1635736800,0.76184263,2021-11-01 03:20:00
60382.16,60425.82,60382.16,60425.82,1635736860,0.04058113,2021-11-01 03:21:00
60340.34,60365.78,60338.05,60365.78,1635736920,0.18585083,2021-11-01 03:22:00
60366,60366,60366,60366,1635736980,0.16565616,2021-11-01 03:23:00
60358.37,60358.37,60358.37,60358.37,1635737040,0.00336000,2021-11-01 03:24:00
60358.37,60358.37,60358.37,60358.37,1635737100,0.00000000,2021-11-01 03:25:00
60305.06,60329.13,60305.06,60329.13,1635737160,0.05100000,2021-11-01 03:26:00
60353.84,60353.84,60303.61,60303.61,1635737220,3.50215830,2021-11-01 03:27:00
60409.68,60409.68,60364.24,60364.24,1635737280,0.56631574,2021-11-01 03:28:00
60415.54,60415.54,60367.87,60411.3,1635737340,1.31508580,2021-11-01 03:29:00
60427.51,60429.91,60409.32,60409.32,1635737400,1.02611733,2021-11-01 03:30:00
60454.18,60454.18,60454.18,60454.18,1635737460,0.00100000,2021-11-01 03:31:00
60453.51,60453.51,60439.11,60439.11,1635737520,0.04637112,2021-11-01 03:32:00
60405.33,60428.43,60405.33,60428.43,1635737580,0.00915501,2021-11-01 03:33:00
60360.9,60413.83,60343.36,60413.83,1635737640,1.66291219,2021-11-01 03:34:00
60428.04,60428.4,60341.76,60341.76,1635737700,0.53650834,2021-11-01 03:35:00
60482.98,60482.98,60440.53,60440.53,1635737760,1.04387174,2021-11-01 03:36:00
60377.06,60472.46,60347.59,60461.11,1635737820,1.38056841,2021-11-01 03:37:00
60357.86,60365.2,60357.86,60365.2,1635737880,0.00801100,2021-11-01 03:38:00
60360.09,60360.34,60360.09,60360.34,1635737940,0.01365730,2021-11-01 03:39:00
60347.52,60347.52,60329.85,60344.11,1635738000,0.08440201,2021-11-01 03:40:00
60307.65,60386.07,60304.55,60351.86,1635738060,0.67971718,2021-11-01 03:41:00
60411.82,60411.82,60352.46,60352.46,1635738120,1.47148771,2021-11-01 03:42:00
60404.79,60411.12,60404.79,60411.12,1635738180,0.06775167,2021-11-01 03:43:00
60361.42,60361.42,60330.4,60355.56,1635738240,0.01943465,2021-11-01 03:44:00
60341.98,60343.67,60300.12,60335.77,1635738300,0.26792411,2021-11-01 03:45:00
60297.95,60322.84,60297.95,60313.14,1635738360,0.10111629,2021-11-01 03:46:00
60286.13,60317.97,60286.13,60311.55,1635738420,0.02100818,2021-11-01 03:47:00
60285.14,60301.55,60285.14,60294.06,1635738480,0.46112761,2021-11-01 03:48:00
60261.04,60308.84,60234.79,60289.56,1635738540,2.87705370,2021-11-01 03:49:00
60263.85,60264.85,60258.91,60264.85,1635738600,0.16451618,2021-11-01 03:50:00
60156.76,60258.3,60130.77,60250.51,1635738660,4.89246083,2021-11-01 03:51:00
60156.63,60156.63,60020.57,60130.73,1635738720,4.18562831,2021-11-01 03:52:00
60294,60294,60160.6,60178.87,1635738780,1.28920901,2021-11-01 03:53:00
60197.86,60332.59,60197.86,60332.59,1635738840,2.06337174,2021-11-01 03:54:00
60163.43,60278.17,60154.26,60199.21,1635738900,2.36700917,2021-11-01 03:55:00
60084.92,60153.59,60062.16,60153.59,1635738960,0.43129426,2021-11-01 03:56:00
60146.87,60173.42,60042.29,60042.29,1635739020,1.16305783,2021-11-01 03:57:00
60119.43,60164.5,60119.43,60164.5,1635739080,0.05994112,2021-11-01 03:58:00
59971.8,60084.52,59780.86,60084.52,1635739140,48.06920048,2021-11-01 03:59:00
59899.38,59956.49,59754.26,59953.78,1635739200,14.30793478,2021-11-01 04:00:00
59853.08,59970.41,59849.59,59905.51,1635739260,1.75115857,2021-11-01 04:01:00
59736.4,59874.43,59620.01,59855.99,1635739320,9.52366988,2021-11-01 04:02:00
59729.48,59826.99,59500,59750.51,1635739380,11.07143961,2021-11-01 04:03:00
59779.06,59826.37,59701.84,59735.45,1635739440,2.51872243,2021-11-01 04:04:00
59809.47,59911.28,59744.03,59789.47,1635739500,1.98607576,2021-11-01 04:05:00
59753.96,59801.27,59734.65,59777.86,1635739560,1.36139196,2021-11-01 04:06:00
59856.88,59856.88,59692.45,59728.45,1635739620,1.01814006,2021-11-01 04:07:00
59850.88,59883.31,59803.94,59839.77,1635739680,0.93121461,2021-11-01 04:08:00
59926.29,59952,59837.07,59881.75,1635739740,3.54089366,2021-11-01 04:09:00
59922.19,59935.99,59838.51,59911.01,1635739800,3.03136979,2021-11-01 04:10:00
59985.5,60014,59946.59,59946.59,1635739860,1.34871971,2021-11-01 04:11:00
60221.21,60287,59968.9,59994.06,1635739920,15.38327372,2021-11-01 04:12:00
60232.65,60325.76,60219.25,60243.4,1635739980,5.42432092,2021-11-01 04:13:00
60250.07,60263.78,60247.49,60263.78,1635740040,0.05091390,2021-11-01 04:14:00
60272.35,60272.35,60272.35,60272.35,1635740100,0.00980500,2021-11-01 04:15:00
60251.7,60319.49,60249.45,60319.49,1635740160,1.29826238,2021-11-01 04:16:00
60223.21,60223.21,60223.21,60223.21,1635740220,0.76750000,2021-11-01 04:17:00
60229.28,60233.05,60229.16,60233.05,1635740280,0.04201325,2021-11-01 04:18:00
60217.3,60240,60183.79,60190.6,1635740340,3.85712342,2021-11-01 04:19:00
60296.69,60370.62,60276.02,60276.02,1635740400,1.39331122,2021-11-01 04:20:00
60250.95,60276.25,60240,60276.25,1635740460,0.54032770,2021-11-01 04:21:00
60263.75,60263.75,60259.55,60259.55,1635740520,0.20715523,2021-11-01 04:22:00
60279.85,60279.85,60250,60250,1635740580,1.09716328,2021-11-01 04:23:00
60361.49,60361.49,60290.04,60290.04,1635740640,0.07057700,2021-11-01 04:24:00
60400,60400,60361.59,60378.97,1635740700,10.29873886,2021-11-01 04:25:00
60362.98,60400,60362.98,60372.92,1635740760,0.88562187,2021-11-01 04:26:00
60312.04,60376.34,60307.44,60347.97,1635740820,2.79683074,2021-11-01 04:27:00
60346.37,60346.37,60283.05,60308.2,1635740880,1.40173275,2021-11-01 04:28:00
60330.42,60347.41,60325.64,60325.64,1635740940,0.22029516,2021-11-01 04:29:00
60330.42,60330.42,60330.42,60330.42,1635741000,0.00000000,2021-11-01 04:30:00
60449.65,60449.65,60367.57,60367.57,1635741060,0.69361005,2021-11-01 04:31:00
60511.86,60515.11,60443.08,60449.69,1635741120,3.29620496,2021-11-01 04:32:00
60750,60750,60515.82,60524.5,1635741180,15.87637421,2021-11-01 04:33:00
60639.42,60712.07,60627.18,60712.07,1635741240,0.84882946,2021-11-01 04:34:00
60653.28,60681.27,60653.28,60681.27,1635741300,0.12288457,2021-11-01 04:35:00
60590.41,60590.41,60590.41,60590.41,1635741360,0.01629600,2021-11-01 04:36:00
60564.99,60603.07,60564.99,60578.51,1635741420,0.55713197,2021-11-01 04:37:00
60587.6,60587.6,60587.6,60587.6,1635741480,0.01749000,2021-11-01 04:38:00
60620.73,60624.47,60612.05,60624.47,1635741540,1.47123657,2021-11-01 04:39:00
60641.82,60641.82,60600.82,60600.82,1635741600,0.11588523,2021-11-01 04:40:00
60637.93,60637.93,60637.61,60637.61,1635741660,0.11592599,2021-11-01 04:41:00
60670.1,60670.12,60670.1,60670.12,1635741720,0.00100000,2021-11-01 04:42:00
60643.16,60662.02,60643.16,60655.81,1635741780,0.65138964,2021-11-01 04:43:00
60648.16,60657.84,60646.32,60657.84,1635741840,0.00781035,2021-11-01 04:44:00
60685.57,60690.07,60642.85,60665.33,1635741900,2.91732200,2021-11-01 04:45:00
60681.97,60695.73,60679.18,60679.18,1635741960,1.05456466,2021-11-01 04:46:00
60681.97,60681.97,60681.97,60681.97,1635742020,0.00000000,2021-11-01 04:47:00
60588.24,60626.34,60588.24,60626.34,1635742080,0.43688819,2021-11-01 04:48:00
60581.74,60584.11,60581.74,60582.94,1635742140,0.13619213,2021-11-01 04:49:00
60593.47,60593.47,60581.63,60581.63,1635742200,0.25495857,2021-11-01 04:50:00
60593.47,60593.47,60593.47,60593.47,1635742260,0.00000000,2021-11-01 04:51:00
60593.47,60593.47,60593.47,60593.47,1635742320,0.00000000,2021-11-01 04:52:00
60495,60585.45,60495,60585.45,1635742380,6.69779081,2021-11-01 04:53:00
60610.43,60625.52,60491.15,60500,1635742440,1.97043508,2021-11-01 04:54:00
60581.49,60600.76,60574.31,60600.76,1635742500,0.61972906,2021-11-01 04:55:00
60603.77,60603.77,60576,60576,1635742560,0.17350826,2021-11-01 04:56:00
60593.68,60593.68,60581.37,60590.68,1635742620,0.31899884,2021-11-01 04:57:00
60622.5,60622.5,60616.56,60616.56,1635742680,0.62361984,2021-11-01 04:58:00
60551.89,60575.98,60551.89,60575.98,1635742740,0.04945412,2021-11-01 04:59:00
60500,60532.55,60500,60532.55,1635742800,0.01160655,2021-11-01 05:00:00
60622.88,60624.42,60512.73,60512.73,1635742860,0.62900704,2021-11-01 05:01:00
60622.88,60622.88,60622.88,60622.88,1635742920,0.00000000,2021-11-01 05:02:00
60521.93,60521.93,60521.93,60521.93,1635742980,0.02988162,2021-11-01 05:03:00
60553.56,60553.56,60514.11,60514.11,1635743040,0.10730797,2021-11-01 05:04:00
60507.1,60540.19,60507.1,60540.19,1635743100,0.36706958,2021-11-01 05:05:00
60525.31,60525.31,60505.65,60505.65,1635743160,0.04700000,2021-11-01 05:06:00
60535.78,60535.78,60535.78,60535.78,1635743220,0.00462681,2021-11-01 05:07:00
60535.78,60535.78,60535.78,60535.78,1635743280,0.00000000,2021-11-01 05:08:00
60579.02,60579.02,60542.91,60542.91,1635743340,1.06158143,2021-11-01 05:09:00
60686.1,60701.51,60570.3,60570.3,1635743400,1.65092188,2021-11-01 05:10:00
60632.39,60658.94,60609.58,60658.94,1635743460,0.34453499,2021-11-01 05:11:00
60753.27,60849.25,60581.23,60593.59,1635743520,7.73532495,2021-11-01 05:12:00
60803.51,60865.13,60773.95,60773.95,1635743580,5.77768233,2021-11-01 05:13:00
60752.2,60785.69,60752.2,60785.69,1635743640,0.45872628,2021-11-01 05:14:00
60764.34,60764.34,60746.25,60746.25,1635743700,0.06171100,2021-11-01 05:15:00
60714.94,60725.54,60714.94,60725.54,1635743760,0.05091071,2021-11-01 05:16:00
60697.13,60697.13,60687.36,60695.14,1635743820,0.05258379,2021-11-01 05:17:00
60711.29,60711.29,60690.72,60690.72,1635743880,5.00872600,2021-11-01 05:18:00
60717.74,60717.74,60714.26,60714.26,1635743940,0.08524115,2021-11-01 05:19:00
60715.93,60715.93,60713.13,60713.13,1635744000,0.05760627,2021-11-01 05:20:00
60751.61,60771.62,60717.14,60717.14,1635744060,0.38520282,2021-11-01 05:21:00
60856.36,60856.36,60771.86,60771.86,1635744120,0.86983329,2021-11-01 05:22:00
60841.66,60888.52,60841.66,60888.52,1635744180,3.68803536,2021-11-01 05:23:00
60836.65,60840.51,60836.65,60840.51,1635744240,0.16405926,2021-11-01 05:24:00
60790.14,60790.14,60787.45,60787.45,1635744300,0.04000000,2021-11-01 05:25:00
60785.25,60800.95,60785.25,60800.95,1635744360,0.01874721,2021-11-01 05:26:00
60696.51,60782.2,60694.69,60782.2,1635744420,3.91727097,2021-11-01 05:27:00
60719.27,60719.27,60704.84,60704.84,1635744480,0.06353200,2021-11-01 05:28:00
60711.83,60711.83,60699.17,60710.96,1635744540,1.31343796,2021-11-01 05:29:00
60702.07,60702.07,60702.07,60702.07,1635744600,0.00196000,2021-11-01 05:30:00
60685.87,60720.57,60685.87,60717.18,1635744660,0.99258741,2021-11-01 05:31:00
60717.07,60717.07,60717.07,60717.07,1635744720,0.01500000,2021-11-01 05:32:00
60722.64,60724.02,60714.26,60724.02,1635744780,0.31234945,2021-11-01 05:33:00
60714.17,60714.17,60714.17,60714.17,1635744840,0.00100000,2021-11-01 05:34:00
60737.07,60750.01,60727.01,60742.44,1635744900,0.36324605,2021-11-01 05:35:00
60758.36,60779.65,60739.09,60739.09,1635744960,0.85735846,2021-11-01 05:36:00
60709.31,60740.62,60709.31,60729.06,1635745020,3.03320848,2021-11-01 05:37:00
60746.13,60746.13,60711.93,60711.93,1635745080,0.25430354,2021-11-01 05:38:00
60707.09,60757.16,60707.09,60757.16,1635745140,0.37266003,2021-11-01 05:39:00
60698,60756.59,60698,60722.17,1635745200,1.51755929,2021-11-01 05:40:00
60743.34,60748.64,60706.33,60706.33,1635745260,0.05410000,2021-11-01 05:41:00
60705.4,60737.04,60705.4,60737.04,1635745320,0.19264623,2021-11-01 05:42:00
60781,60781,60736.84,60736.84,1635745380,0.14167200,2021-11-01 05:43:00
60783.6,60817.33,60754.32,60769.89,1635745440,3.35489411,2021-11-01 05:44:00
60754.18,60793.8,60754.18,60783.6,1635745500,0.59882188,2021-11-01 05:45:00
60700,60742.65,60692.29,60742.65,1635745560,0.76096611,2021-11-01 05:46:00
60687.54,60687.65,60687.54,60687.65,1635745620,0.12357238,2021-11-01 05:47:00
60674.86,60674.86,60674.86,60674.86,1635745680,0.01000000,2021-11-01 05:48:00
60714.96,60714.96,60677.6,60695.62,1635745740,1.22784601,2021-11-01 05:49:00
60613.66,60693.12,60613.66,60693.12,1635745800,1.10000895,2021-11-01 05:50:00
60659.22,60659.22,60648.15,60648.15,1635745860,0.04627838,2021-11-01 05:51:00
60680.25,60701.78,60680.25,60694.73,1635745920,0.29981647,2021-11-01 05:52:00
60690.52,60690.52,60671.74,60671.74,1635745980,0.16097383,2021-11-01 05:53:00
60670.55,60670.55,60670.55,60670.55,1635746040,0.00653710,2021-11-01 05:54:00
60670.55,60670.55,60670.55,60670.55,1635746100,0.00000000,2021-11-01 05:55:00
60650.28,60650.28,60647.4,60647.4,1635746160,0.24180000,2021-11-01 05:56:00
60655.81,60655.81,60655.81,60655.81,1635746220,0.00060192,2021-11-01 05:57:00
60624.71,60629.18,60624.71,60627.11,1635746280,0.20611814,2021-11-01 05:58:00
60670.86,60674.13,60670.86,60674.13,1635746340,0.01840005,2021-11-01 05:59:00
60600.76,60627.86,60579.01,60617.48,1635746400,5.67548405,2021-11-01 06:00:00
60567.21,60584.22,60517.01,60584.22,1635746460,6.95068112,2021-11-01 06:01:00
60634.77,60634.77,60599.5,60599.5,1635746520,3.42504842,2021-11-01 06:02:00
60628.42,60634.52,60626.82,60634.52,1635746580,0.05362809,2021-11-01 06:03:00
60559.3,60589.35,60559.3,60589.35,1635746640,0.09106986,2021-11-01 06:04:00
60561.61,60561.61,60534.19,60544.1,1635746700,0.34975078,2021-11-01 06:05:00
60573.65,60573.65,60572.82,60572.82,1635746760,0.07626428,2021-11-01 06:06:00
60529.5,60539.89,60529.5,60539.89,1635746820,0.00531236,2021-11-01 06:07:00
60495,60504.27,60495,60504.27,1635746880,0.02682337,2021-11-01 06:08:00
60485.96,60495.47,60485.96,60495.47,1635746940,2.56903264,2021-11-01 06:09:00
60493.56,60493.56,60464.91,60465.27,1635747000,1.03965919,2021-11-01 06:10:00
60499.13,60503.05,60457.97,60494.47,1635747060,1.09801264,2021-11-01 06:11:00
60488.6,60488.6,60488.6,60488.6,1635747120,0.00331153,2021-11-01 06:12:00
60417.96,60440.68,60417.96,60440.64,1635747180,0.34527213,2021-11-01 06:13:00
60447.21,60447.21,60429,60429,1635747240,0.01386671,2021-11-01 06:14:00
60385.23,60430.87,60381.88,60398.75,1635747300,1.48194945,2021-11-01 06:15:00
60355,60378.78,60355,60370.91,1635747360,0.26539351,2021-11-01 06:16:00
60359.66,60359.66,60359.65,60359.65,1635747420,0.12429088,2021-11-01 06:17:00
60352.11,60352.11,60352.11,60352.11,1635747480,0.04143382,2021-11-01 06:18:00
60335.37,60348.29,60320,60334.57,1635747540,0.85820376,2021-11-01 06:19:00
60389.01,60389.01,60364.56,60364.56,1635747600,0.07141950,2021-11-01 06:20:00
60394.22,60394.22,60365.1,60365.1,1635747660,0.02800000,2021-11-01 06:21:00
60440.62,60451,60435.9,60435.9,1635747720,0.21942635,2021-11-01 06:22:00
60429.19,60440.51,60429.19,60440.51,1635747780,0.04205048,2021-11-01 06:23:00
60429.19,60429.19,60429.19,60429.19,1635747840,0.00000000,2021-11-01 06:24:00
60429.19,60429.19,60429.19,60429.19,1635747900,0.00000000,2021-11-01 06:25:00
60534.39,60543.61,60463.45,60463.45,1635747960,1.32623015,2021-11-01 06:26:00
60556.08,60556.08,60526.16,60527.34,1635748020,0.24619222,2021-11-01 06:27:00
60617.75,60617.76,60574,60574,1635748080,0.51831623,2021-11-01 06:28:00
60644,60644,60599.92,60610.08,1635748140,0.25957590,2021-11-01 06:29:00
60660.09,60660.09,60634.6,60649.22,1635748200,0.02676196,2021-11-01 06:30:00
60714,60714,60667.8,60674.09,1635748260,0.10224150,2021-11-01 06:31:00
60744.21,60744.21,60719,60719,1635748320,0.04951950,2021-11-01 06:32:00
60755.17,60755.17,60755.17,60755.17,1635748380,0.04718442,2021-11-01 06:33:00
60749.44,60799.54,60749.44,60784,1635748440,0.34857378,2021-11-01 06:34:00
60723.77,60724.29,60720.2,60720.2,1635748500,0.16795816,2021-11-01 06:35:00
60845.8,60845.8,60755.87,60758.1,1635748560,0.57623766,2021-11-01 06:36:00
60866.32,60866.32,60852.26,60852.26,1635748620,1.60267714,2021-11-01 06:37:00
60888.52,60888.52,60832.49,60832.49,1635748680,0.05297217,2021-11-01 06:38:00
60914.1,60961.59,60900,60900,1635748740,1.37591471,2021-11-01 06:39:00
60903.19,60930.32,60903.19,60924.91,1635748800,4.38051178,2021-11-01 06:40:00
60905.97,60905.97,60884.53,60884.53,1635748860,0.31342985,2021-11-01 06:41:00
60878.72,60899.18,60877.03,60877.03,1635748920,0.20058100,2021-11-01 06:42:00
60921.98,60961.59,60866.45,60901.39,1635748980,6.56030285,2021-11-01 06:43:00
60878.72,60878.72,60878.72,60878.72,1635749040,0.03154507,2021-11-01 06:44:00
60823.85,60851.26,60823.85,60851.26,1635749100,1.26131946,2021-11-01 06:45:00
60844.38,60854.6,60827.99,60835.14,1635749160,2.13556056,2021-11-01 06:46:00
60799.95,60807.64,60780.82,60803.53,1635749220,1.07724113,2021-11-01 06:47:00
60799.64,60799.64,60778.86,60780.85,1635749280,0.49280900,2021-11-01 06:48:00
60774.85,60774.85,60774.85,60774.85,1635749340,0.00103249,2021-11-01 06:49:00
60752.85,60810.45,60752.85,60771.97,1635749400,1.10484481,2021-11-01 06:50:00
60733.18,60751.74,60733.18,60751.4,1635749460,0.21542900,2021-11-01 06:51:00
60735.67,60737.44,60712.07,60722.58,1635749520,0.18081147,2021-11-01 06:52:00
60729.7,60733.79,60705,60725.73,1635749580,0.05575247,2021-11-01 06:53:00
60736.41,60736.41,60725.15,60725.15,1635749640,0.02048450,2021-11-01 06:54:00
60786.82,60786.82,60749.64,60749.64,1635749700,0.05744500,2021-11-01 06:55:00
60738.03,60781.42,60738.03,60781.42,1635749760,0.02439147,2021-11-01 06:56:00
60743.44,60743.44,60743.44,60743.44,1635749820,0.01511900,2021-11-01 06:57:00
60738.84,60748.17,60738.84,60748.17,1635749880,0.01991798,2021-11-01 06:58:00
60764.04,60781.42,60712.45,60718.74,1635749940,1.65352838,2021-11-01 06:59:00
60953.29,60961.59,60785.56,60785.56,1635750000,5.82082008,2021-11-01 07:00:00
61076.22,61076.22,60963.71,60963.71,1635750060,8.56514161,2021-11-01 07:01:00
61128.27,61153.75,61072.88,61085.81,1635750120,3.76828880,2021-11-01 07:02:00
61255.92,61358,61113.09,61113.09,1635750180,9.61596409,2021-11-01 07:03:00
61332.94,61359.26,61277.01,61277.01,1635750240,4.52210820,2021-11-01 07:04:00
61427.77,61453.61,61333.65,61333.65,1635750300,9.56899076,2021-11-01 07:05:00
61497.06,61500,61444.37,61453.61,1635750360,10.09603815,2021-11-01 07:06:00
61631.11,61631.11,61515.12,61515.12,1635750420,11.80640949,2021-11-01 07:07:00
61494.22,61651.36,61494.22,61638.34,1635750480,2.31605766,2021-11-01 07:08:00
61549.3,61613.09,61499.99,61499.99,1635750540,1.87923006,2021-11-01 07:09:00
61636.42,61652.78,61556.38,61556.38,1635750600,0.96900898,2021-11-01 07:10:00
61666.03,61694,61636.67,61636.67,1635750660,0.47816857,2021-11-01 07:11:00
61752.18,61845.25,61649.21,61649.21,1635750720,12.20003515,2021-11-01 07:12:00
61979.38,61993.77,61837.9,61845.25,1635750780,14.83734094,2021-11-01 07:13:00
62135.63,62217.2,61993.77,61993.77,1635750840,10.11905942,2021-11-01 07:14:00
62212.88,62270.25,62140.27,62217.21,1635750900,17.88151822,2021-11-01 07:15:00
62074.21,62153.82,61965,62143.12,1635750960,8.68959067,2021-11-01 07:16:00
62358.84,62358.84,62042.71,62045.8,1635751020,19.16625702,2021-11-01 07:17:00
62207.86,62317.49,62152.3,62307.82,1635751080,0.86561981,2021-11-01 07:18:00
62079.02,62242.29,62079.02,62192.46,1635751140,3.01454669,2021-11-01 07:19:00
62043.48,62057.26,62035,62041.6,1635751200,2.29144999,2021-11-01 07:20:00
62007.17,62029.57,61984.84,62015.68,1635751260,0.45888472,2021-11-01 07:21:00
62044.4,62084.17,62030.23,62030.23,1635751320,2.71691616,2021-11-01 07:22:00
62111.5,62153.68,62047.76,62047.76,1635751380,2.73661027,2021-11-01 07:23:00
62171.34,62178.42,62081.64,62114.79,1635751440,7.64260092,2021-11-01 07:24:00
62223.76,62277.07,62168.27,62171.34,1635751500,3.89249354,2021-11-01 07:25:00
62122.14,62271.77,62122.14,62205.58,1635751560,2.30734179,2021-11-01 07:26:00
62025.75,62188.92,62025.75,62173.07,1635751620,3.22696863,2021-11-01 07:27:00
62078.63,62103.33,62041.98,62041.98,1635751680,2.59000234,2021-11-01 07:28:00
62077.99,62113.2,62065.67,62073.76,1635751740,1.39678740,2021-11-01 07:29:00
62054.42,62067.88,62049.28,62049.29,1635751800,1.70949484,2021-11-01 07:30:00
62169.61,62188.13,62098.14,62104.99,1635751860,2.91301119,2021-11-01 07:31:00
62082.43,62146.8,62065.17,62134.26,1635751920,4.82316866,2021-11-01 07:32:00
62027.12,62058.41,62004.52,62036.88,1635751980,0.91212620,2021-11-01 07:33:00
62187.52,62187.52,61991.17,61998.07,1635752040,6.97486148,2021-11-01 07:34:00
62233.64,62236.09,62085.49,62161.79,1635752100,2.37423770,2021-11-01 07:35:00
62096.03,62205.01,62073.68,62193.85,1635752160,4.14358569,2021-11-01 07:36:00
62162.41,62227.44,62141.72,62142.6,1635752220,2.07038499,2021-11-01 07:37:00
62056.05,62122.75,62056.05,62122.75,1635752280,0.56486718,2021-11-01 07:38:00
62019.57,62090.52,62019.57,62079.78,1635752340,0.71291529,2021-11-01 07:39:00
62026.1,62074.73,62002.15,62012.93,1635752400,17.67702283,2021-11-01 07:40:00
62085.38,62087.65,62055.19,62055.19,1635752460,6.07569032,2021-11-01 07:41:00
62031.19,62082.04,62031.19,62067.29,1635752520,2.20090004,2021-11-01 07:42:00
62020.94,62051.46,62020.94,62047.38,1635752580,0.58006426,2021-11-01 07:43:00
61999.42,61999.42,61993.39,61993.39,1635752640,0.00345210,2021-11-01 07:44:00
62054.27,62098.05,61976.41,61976.41,1635752700,2.53946825,2021-11-01 07:45:00
62146.66,62259.51,62110.14,62116.46,1635752760,6.06962886,2021-11-01 07:46:00
62090.51,62170.71,62085.14,62086.2,1635752820,1.10473475,2021-11-01 07:47:00
62083.65,62115.67,62077.81,62115.67,1635752880,0.15228274,2021-11-01 07:48:00
62057.41,62105.17,62045.09,62105.17,1635752940,1.10500692,2021-11-01 07:49:00
62214.53,62217.15,62105.42,62105.42,1635753000,2.84206501,2021-11-01 07:50:00
62214.03,62214.03,62137.8,62161.52,1635753060,0.13346271,2021-11-01 07:51:00
62138.57,62168.11,62138.57,62166.09,1635753120,0.23241299,2021-11-01 07:52:00
62130.2,62169.35,62130.2,62168.11,1635753180,0.71019370,2021-11-01 07:53:00
62144.28,62145.18,62142.08,62142.08,1635753240,0.12824560,2021-11-01 07:54:00
62120.6,62130.45,62108,62121.53,1635753300,0.00645485,2021-11-01 07:55:00
62123.72,62140,62105.97,62109.61,1635753360,0.93698784,2021-11-01 07:56:00
62123.72,62123.72,62123.72,62123.72,1635753420,0.23301004,2021-11-01 07:57:00
62192.43,62192.43,62117.19,62128.84,1635753480,0.72187878,2021-11-01 07:58:00
62215.71,62222,62176.1,62176.1,1635753540,1.10788426,2021-11-01 07:59:00
62299.66,62299.66,62210.66,62210.66,1635753600,4.00245115,2021-11-01 08:00:00
62236.51,62350,62236.51,62306.47,1635753660,1.76129349,2021-11-01 08:01:00
62210.41,62283.54,62189.15,62244.34,1635753720,2.87804442,2021-11-01 08:02:00
62283.97,62283.97,62186.18,62186.18,1635753780,1.23829200,2021-11-01 08:03:00
62340.45,62351.87,62285.43,62285.43,1635753840,0.65767345,2021-11-01 08:04:00
62436.15,62441.46,62331.08,62331.08,1635753900,6.14410764,2021-11-01 08:05:00
62338.84,62405.45,62254.5,62405.45,1635753960,2.25078545,2021-11-01 08:06:00
62294.68,62333.15,62247.97,62323.35,1635754020,3.08885751,2021-11-01 08:07:00
62236.5,62272.9,62236.5,62272.9,1635754080,0.12599866,2021-11-01 08:08:00
62181.68,62249.8,62181.68,62245.23,1635754140,0.28287487,2021-11-01 08:09:00
62175,62212.01,62175,62208.04,1635754200,0.09017006,2021-11-01 08:10:00
62121.8,62174.29,62119.44,62174.29,1635754260,0.32412288,2021-11-01 08:11:00
62150.92,62176.83,62121.39,62121.39,1635754320,0.30845030,2021-11-01 08:12:00
62185.52,62185.52,62180.46,62180.46,1635754380,3.60000000,2021-11-01 08:13:00
62136.74,62161.36,62126.81,62126.81,1635754440,0.72907537,2021-11-01 08:14:00
62185.81,62185.81,62170.27,62170.27,1635754500,0.09100000,2021-11-01 08:15:00
62199.88,62206.28,62188.68,62188.93,1635754560,0.94307038,2021-11-01 08:16:00
62167.83,62203.23,62167.83,62199.46,1635754620,0.10182737,2021-11-01 08:17:00
62167.77,62199.91,62167.77,62192.05,1635754680,1.04315526,2021-11-01 08:18:00
62119.4,62162.1,62119.4,62162.1,1635754740,0.01287657,2021-11-01 08:19:00
62184.9,62184.9,62126.51,62126.51,1635754800,0.53679819,2021-11-01 08:20:00
62145.74,62200.43,62141,62194.14,1635754860,0.16758655,2021-11-01 08:21:00
62174.83,62174.83,62143.2,62143.2,1635754920,0.79053063,2021-11-01 08:22:00
62192.25,62200.67,62146.13,62167.58,1635754980,0.22391213,2021-11-01 08:23:00
62175.08,62262.83,62175.08,62216.21,1635755040,0.39066324,2021-11-01 08:24:00
62174.18,62205.81,62174.18,62205.81,1635755100,0.01504500,2021-11-01 08:25:00
62164.99,62183.17,62164.99,62178.31,1635755160,0.29593934,2021-11-01 08:26:00
62124.43,62172.5,62124.43,62157.09,1635755220,0.12132564,2021-11-01 08:27:00
62159.06,62159.06,62159.06,62159.06,1635755280,0.00868500,2021-11-01 08:28:00
62105,62176.61,62105,62176.61,1635755340,0.25583130,2021-11-01 08:29:00
62191.52,62199.79,62119.97,62119.97,1635755400,0.50257428,2021-11-01 08:30:00
62181.08,62213.36,62171.59,62213.36,1635755460,0.32401497,2021-11-01 08:31:00
62223.44,62234.9,62148.08,62174.63,1635755520,1.03951068,2021-11-01 08:32:00
62174.81,62245.66,62168.45,62223.44,1635755580,1.74289389,2021-11-01 08:33:00
62115.5,62206.27,62115.5,62184.15,1635755640,0.74062835,2021-11-01 08:34:00
62163.93,62163.93,62121.12,62125.42,1635755700,0.18676034,2021-11-01 08:35:00
62128.12,62166.51,62114.41,62162.26,1635755760,0.62667898,2021-11-01 08:36:00
62115.33,62137.61,62115.33,62135.41,1635755820,1.21545803,2021-11-01 08:37:00
62089.46,62126.95,62055.57,62125.16,1635755880,1.57370688,2021-11-01 08:38:00
61994.62,62089.46,61994.62,62089.46,1635755940,3.49104834,2021-11-01 08:39:00
61993.72,62071.98,61981.56,62000,1635756000,0.98985845,2021-11-01 08:40:00
61946.33,62040.63,61946.33,62038.54,1635756060,0.38742208,2021-11-01 08:41:00
61889.84,61953.72,61889.84,61937.77,1635756120,0.52133387,2021-11-01 08:42:00
61787.53,61891.16,61787.53,61891.16,1635756180,3.78243563,2021-11-01 08:43:00
61858.51,61878.75,61786.76,61803.84,1635756240,1.21460986,2021-11-01 08:44:00
61839.14,61936.93,61829.61,61876.35,1635756300,2.41189661,2021-11-01 08:45:00
61704.57,61845.01,61692.26,61836.24,1635756360,4.69496124,2021-11-01 08:46:00
61918.94,61918.94,61708.11,61708.11,1635756420,1.36324827,2021-11-01 08:47:00
61876.92,61956.72,61856.66,61949.81,1635756480,2.31954148,2021-11-01 08:48:00
61856.9,61875.77,61800.66,61866.72,1635756540,3.96664244,2021-11-01 08:49:00
61883.39,61946.96,61852.45,61857.36,1635756600,5.23788117,2021-11-01 08:50:00
61859.45,61868.05,61820,61865.18,1635756660,1.86175909,2021-11-01 08:51:00
61852.35,61912.3,61850.69,61863.25,1635756720,0.63010359,2021-11-01 08:52:00
61888.24,61929.7,61844.26,61851.86,1635756780,2.79490411,2021-11-01 08:53:00
61931.6,61936.5,61896.81,61897.85,1635756840,0.25310200,2021-11-01 08:54:00
61944.25,61960.47,61917.52,61938.92,1635756900,0.25424006,2021-11-01 08:55:00
61925.44,61939.66,61869.05,61939.66,1635756960,2.02483200,2021-11-01 08:56:00
61938.93,61949.38,61909.11,61927.87,1635757020,0.34345153,2021-11-01 08:57:00
61913.32,61952.81,61905.14,61938.91,1635757080,0.34476261,2021-11-01 08:58:00
61964.94,61978.25,61938.02,61945.95,1635757140,0.68702726,2021-11-01 08:59:00
62064.76,62084.17,61982.29,61982.29,1635757200,2.13407159,2021-11-01 09:00:00
61922.16,62076.79,61868.56,62076.79,1635757260,2.38662679,2021-11-01 09:01:00
61997.47,62026.1,61936.86,61936.86,1635757320,0.44162613,2021-11-01 09:02:00
62022.78,62059.55,62006.36,62006.36,1635757380,1.08886388,2021-11-01 09:03:00
62074.13,62085.09,62048.59,62048.59,1635757440,0.44702548,2021-11-01 09:04:00
62112.67,62129.19,62058.11,62058.11,1635757500,1.84497589,2021-11-01 09:05:00
62089.61,62143.15,62081.34,62123.84,1635757560,1.18436408,2021-11-01 09:06:00
62137.61,62153.6,62101.26,62107.78,1635757620,0.62377846,2021-11-01 09:07:00
62129.57,62153.8,62121.66,62153.8,1635757680,0.01585697,2021-11-01 09:08:00
62126.72,62154.44,62118.86,62148.15,1635757740,0.20100143,2021-11-01 09:09:00
62098.5,62122.34,62098.5,62122.34,1635757800,0.14293197,2021-11-01 09:10:00
62103.95,62120.94,62084.37,62098.5,1635757860,1.48536548,2021-11-01 09:11:00
62094.9,62144.79,62082.01,62143.38,1635757920,0.07523204,2021-11-01 09:12:00
62118.09,62118.09,62074,62074,1635757980,0.34425249,2021-11-01 09:13:00
62112.01,62158.56,62112.01,62136.37,1635758040,2.07700756,2021-11-01 09:14:00
62154.33,62184,62151.32,62184,1635758100,1.31901371,2021-11-01 09:15:00
62158.81,62178.69,62097.94,62118.62,1635758160,2.15576558,2021-11-01 09:16:00
62124.9,62158.81,62124.9,62158.81,1635758220,0.32608799,2021-11-01 09:17:00
62066.08,62109.56,62041.42,62109.56,1635758280,1.07848975,2021-11-01 09:18:00
62088.46,62088.46,62056.43,62061.98,1635758340,0.91778684,2021-11-01 09:19:00
62086.18,62088.46,62065.51,62065.51,1635758400,0.39542545,2021-11-01 09:20:00
62090.33,62099.09,62067.91,62079.9,1635758460,0.14399020,2021-11-01 09:21:00
62078.33,62090.33,62063.01,62090.33,1635758520,0.13982413,2021-11-01 09:22:00
62102.57,62103.4,62075.3,62075.3,1635758580,0.24490781,2021-11-01 09:23:00
62081.05,62113.27,62063.92,62082.81,1635758640,0.12066417,2021-11-01 09:24:00
62093.91,62114.7,62079.99,62081.05,1635758700,0.45102152,2021-11-01 09:25:00
62047.34,62093.91,62047.34,62093.91,1635758760,0.03163486,2021-11-01 09:26:00
62063.44,62160.3,61956.29,62017.92,1635758820,6.76155660,2021-11-01 09:27:00
62087.17,62118.67,62070.75,62087.91,1635758880,1.11763337,2021-11-01 09:28:00
62095.45,62107.32,62061.08,62104.22,1635758940,0.98819035,2021-11-01 09:29:00
62150.44,62150.44,62071.2,62071.2,1635759000,0.19140246,2021-11-01 09:30:00
62127.47,62132.36,62124.37,62132.36,1635759060,0.01235700,2021-11-01 09:31:00
62135.65,62147.75,62128.58,62128.58,1635759120,0.22127968,2021-11-01 09:32:00
62153.13,62153.13,62132.2,62132.2,1635759180,0.10941599,2021-11-01 09:33:00
62147.24,62158.7,62082.32,62130.16,1635759240,5.81967094,2021-11-01 09:34:00
62155.34,62155.34,62092.75,62140.51,1635759300,0.55071848,2021-11-01 09:35:00
62128.22,62128.22,62075.48,62126.13,1635759360,0.92097178,2021-11-01 09:36:00
62131.1,62160.39,62128.23,62128.23,1635759420,0.43350631,2021-11-01 09:37:00
62148.69,62148.69,62127.97,62127.97,1635759480,0.24591524,2021-11-01 09:38:00
62054.87,62160.39,62054.87,62160.39,1635759540,10.62896309,2021-11-01 09:39:00
62030.98,62041.29,61993.77,62041.29,1635759600,0.82643752,2021-11-01 09:40:00
62239.69,62239.69,62079.82,62079.82,1635759660,2.93556568,2021-11-01 09:41:00
62199.17,62254,62173.3,62240.32,1635759720,2.74007937,2021-11-01 09:42:00
62195.61,62242.41,62195.61,62242.41,1635759780,0.60919660,2021-11-01 09:43:00
62193.94,62237.19,62170.8,62237.19,1635759840,0.05674698,2021-11-01 09:44:00
62179.51,62187.8,62179.51,62187.8,1635759900,0.10388435,2021-11-01 09:45:00
62149.1,62150,62112.47,62150,1635759960,0.32836300,2021-11-01 09:46:00
62123.53,62145.71,62118.45,62127.6,1635760020,0.47041000,2021-11-01 09:47:00
62122.21,62184.58,62122.21,62184.58,1635760080,0.74993932,2021-11-01 09:48:00
62114.12,62146.85,62098.83,62145.24,1635760140,4.08270542,2021-11-01 09:49:00
61975.27,62102.5,61965,62091.52,1635760200,3.88534225,2021-11-01 09:50:00
62087.15,62112.96,62007.05,62007.05,1635760260,0.99304042,2021-11-01 09:51:00
62065.48,62065.48,62065.48,62065.48,1635760320,0.00299970,2021-11-01 09:52:00
62088.51,62105.12,62045.09,62045.09,1635760380,0.02268555,2021-11-01 09:53:00
62071.47,62071.47,62058,62058,1635760440,0.00859000,2021-11-01 09:54:00
62082.56,62095.17,62034.93,62035.72,1635760500,1.19961789,2021-11-01 09:55:00
62012.19,62044.3,62012.19,62027.93,1635760560,0.14636926,2021-11-01 09:56:00
62000.17,62000.17,61958.92,62000.06,1635760620,0.35166980,2021-11-01 09:57:00
62000.67,62006.38,61994.75,62006.38,1635760680,0.36982093,2021-11-01 09:58:00
61983.49,62015.73,61959.26,61959.26,1635760740,0.08522601,2021-11-01 09:59:00
62057.98,62057.98,61976.58,61976.58,1635760800,0.58642702,2021-11-01 10:00:00
62081.29,62081.29,62047.38,62060.28,1635760860,0.35660000,2021-11-01 10:01:00
62066.39,62085.9,62051.32,62085.59,1635760920,0.50691334,2021-11-01 10:02:00
62047.98,62066.12,62013.07,62045.32,1635760980,0.77308186,2021-11-01 10:03:00
62048.68,62076.71,62008.07,62037.28,1635761040,6.51179016,2021-11-01 10:04:00
62068.09,62089.49,62037.19,62037.19,1635761100,3.15474571,2021-11-01 10:05:00
62090.76,62090.76,62007.63,62070.29,1635761160,4.32818436,2021-11-01 10:06:00
62062.78,62099.99,62062.78,62090.76,1635761220,0.26773355,2021-11-01 10:07:00
62072.39,62112.44,62072.39,62083.25,1635761280,1.31044219,2021-11-01 10:08:00
62052.78,62093.19,62052.78,62080.79,1635761340,0.58780489,2021-11-01 10:09:00
62097.56,62097.75,62042.18,62042.18,1635761400,0.99217102,2021-11-01 10:10:00
62085.32,62096.39,62082.59,62091.19,1635761460,0.64536000,2021-11-01 10:11:00
62072.09,62101.99,62072.09,62084.39,1635761520,0.48798481,2021-11-01 10:12:00
62065.69,62077.16,62018.7,62077.16,1635761580,4.25529847,2021-11-01 10:13:00
62029.08,62080.19,62027.63,62075.73,1635761640,0.32904000,2021-11-01 10:14:00
61976.14,62031.01,61949.71,62023.38,1635761700,1.49161965,2021-11-01 10:15:00
61974.87,61998.37,61958.92,61996.77,1635761760,0.06456500,2021-11-01 10:16:00
61971.38,61994.47,61958.19,61974.87,1635761820,0.45910362,2021-11-01 10:17:00
61968.67,61968.67,61936.9,61960.96,1635761880,0.65473989,2021-11-01 10:18:00
61946.56,61990.07,61943.83,61974.64,1635761940,4.67706701,2021-11-01 10:19:00
62026.28,62056.88,61958.41,61958.41,1635762000,3.17562372,2021-11-01 10:20:00
62074.26,62097.3,62003.47,62003.47,1635762060,1.96179029,2021-11-01 10:21:00
62069.92,62112.77,62064.08,62069.89,1635762120,1.70566587,2021-11-01 10:22:00
62058.56,62090.89,62058.56,62090.89,1635762180,0.12276526,2021-11-01 10:23:00
62047.98,62079.93,62028.2,62079.93,1635762240,0.60330880,2021-11-01 10:24:00
62092.79,62100.91,61993.77,62030.3,1635762300,1.56200922,2021-11-01 10:25:00
62042.21,62121.96,62042.2,62066.18,1635762360,3.15883540,2021-11-01 10:26:00
61993.77,61993.88,61993.77,61993.88,1635762420,0.00360697,2021-11-01 10:27:00
62058.56,62061.25,61986.87,61993.97,1635762480,0.76799968,2021-11-01 10:28:00
62086.39,62100,62054.99,62054.99,1635762540,0.88198321,2021-11-01 10:29:00
62140.4,62140.4,62057.5,62083.74,1635762600,1.43976435,2021-11-01 10:30:00
62098.12,62136.16,62087.09,62136.16,1635762660,0.19523821,2021-11-01 10:31:00
62121.52,62143.1,62121.52,62130.92,1635762720,0.01633359,2021-11-01 10:32:00
62120.77,62123.87,62093.99,62123.87,1635762780,0.46383658,2021-11-01 10:33:00
62127.19,62165.19,62100.39,62100.39,1635762840,4.38463385,2021-11-01 10:34:00
62125.4,62140.76,62113.19,62140.1,1635762900,1.33966300,2021-11-01 10:35:00
62090.74,62128.8,62090.74,62128.8,1635762960,0.22814419,2021-11-01 10:36:00
62133.11,62136.5,62099.11,62100.76,1635763020,2.17030696,2021-11-01 10:37:00
62143.42,62143.42,62140.35,62140.35,1635763080,0.01086625,2021-11-01 10:38:00
62137.08,62168.19,62134.4,62153.4,1635763140,20.41055570,2021-11-01 10:39:00
62123.63,62153.58,62107.75,62150.4,1635763200,0.65812318,2021-11-01 10:40:00
62112.52,62155.44,62111.9,62143.09,1635763260,20.22590277,2021-11-01 10:41:00
62069.06,62093.99,62069.06,62090.09,1635763320,2.36829746,2021-11-01 10:42:00
62070.62,62078.86,62059.84,62070.57,1635763380,0.25790866,2021-11-01 10:43:00
62055.66,62073.52,62053.94,62070.72,1635763440,0.15492975,2021-11-01 10:44:00
62138.32,62138.32,62024.71,62054.55,1635763500,1.88577323,2021-11-01 10:45:00
62052.33,62109.81,62052.33,62109.81,1635763560,1.51369465,2021-11-01 10:46:00
62108.64,62108.64,62066.54,62066.54,1635763620,0.61352052,2021-11-01 10:47:00
62155.73,62155.73,62120.43,62122.83,1635763680,0.63423832,2021-11-01 10:48:00
62127.47,62173.76,62111.95,62157.15,1635763740,0.46633354,2021-11-01 10:49:00
62201.91,62201.91,62122.46,62122.46,1635763800,0.58930488,2021-11-01 10:50:00
62107.9,62171.94,62107.9,62171.94,1635763860,1.44128815,2021-11-01 10:51:00
62204.96,62204.96,62113.45,62113.45,1635763920,1.56430338,2021-11-01 10:52:00
62230.84,62230.84,62205.05,62205.05,1635763980,0.25460969,2021-11-01 10:53:00
62219.72,62235,62212.32,62235,1635764040,0.13943730,2021-11-01 10:54:00
62184.27,62247.19,62181.49,62215.04,1635764100,1.74249639,2021-11-01 10:55:00
62187.13,62255.43,62178.34,62189.77,1635764160,0.86530465,2021-11-01 10:56:00
62255.66,62255.66,62175.28,62187.13,1635764220,1.20718742,2021-11-01 10:57:00
62271.31,62277.22,62235.46,62246.65,1635764280,0.70817863,2021-11-01 10:58:00
62320.44,62320.44,62263.15,62263.15,1635764340,0.77827163,2021-11-01 10:59:00
62285.93,62331.79,62267.78,62320.44,1635764400,0.60370150,2021-11-01 11:00:00
62284.82,62338.31,62238.77,62290.06,1635764460,6.33446701,2021-11-01 11:01:00
62355.73,62355.73,62301.26,62314.22,1635764520,5.97561451,2021-11-01 11:02:00
62464,62464,62356.04,62363.21,1635764580,5.49445655,2021-11-01 11:03:00
62407.29,62500,62370.43,62456.32,1635764640,10.51808716,2021-11-01 11:04:00
62382.16,62410.05,62286.66,62388.65,1635764700,4.17716897,2021-11-01 11:05:00
62354.36,62355.64,62320,62355.64,1635764760,1.51660604,2021-11-01 11:06:00
62478.18,62495.65,62357.65,62357.65,1635764820,0.83710509,2021-11-01 11:07:00
62394.11,62481.44,62342.69,62481.44,1635764880,0.88389464,2021-11-01 11:08:00
62362.14,62398.02,62337.94,62390.26,1635764940,6.75286949,2021-11-01 11:09:00
62314.7,62348.38,62294.33,62348.38,1635765000,4.78895972,2021-11-01 11:10:00
62316.23,62320,62265.07,62298.74,1635765060,7.80433119,2021-11-01 11:11:00
62240.37,62320.53,62199.29,62320.53,1635765120,2.99171102,2021-11-01 11:12:00
62276.2,62296.72,62201.83,62223,1635765180,3.74138211,2021-11-01 11:13:00
62225.64,62262.45,62216.98,62262.45,1635765240,0.15044137,2021-11-01 11:14:00
62245.02,62245.02,62191.65,62199.99,1635765300,3.04614361,2021-11-01 11:15:00
62227.65,62292.82,62220.21,62224.88,1635765360,0.61551538,2021-11-01 11:16:00
62191.62,62217.95,62175,62217.95,1635765420,0.32968464,2021-11-01 11:17:00
62166.7,62219.67,62152.83,62181.71,1635765480,1.42522449,2021-11-01 11:18:00
62180.61,62180.61,62153.73,62165.27,1635765540,1.14591220,2021-11-01 11:19:00
62159.42,62228.25,62141.22,62152.3,1635765600,1.51670777,2021-11-01 11:20:00
62130.7,62188.31,62116.07,62188.31,1635765660,3.07274978,2021-11-01 11:21:00
62105,62135.2,62105,62129.11,1635765720,2.18556446,2021-11-01 11:22:00
62139,62152.9,62060.77,62094.47,1635765780,9.04944795,2021-11-01 11:23:00
62121.14,62220.32,62100.84,62139,1635765840,7.05945527,2021-11-01 11:24:00
62162.38,62162.38,62111.52,62111.52,1635765900,0.17136476,2021-11-01 11:25:00
62181.64,62181.64,62147.2,62147.2,1635765960,0.09651000,2021-11-01 11:26:00
62152.2,62172.97,62150.42,62159.69,1635766020,0.85653247,2021-11-01 11:27:00
62148.2,62148.2,62144.39,62144.39,1635766080,0.18123912,2021-11-01 11:28:00
62159.51,62174.31,62159.2,62174.31,1635766140,0.04274986,2021-11-01 11:29:00
62168.54,62176.01,62142.1,62147.6,1635766200,0.56995409,2021-11-01 11:30:00
62174.05,62209.25,62156.61,62159.51,1635766260,8.27922766,2021-11-01 11:31:00
62156.88,62171.23,62156.88,62171.12,1635766320,12.09987857,2021-11-01 11:32:00
62113.3,62156.64,62081.75,62156.64,1635766380,7.21955114,2021-11-01 11:33:00
62111.22,62139.83,62111.22,62117.04,1635766440,11.75649684,2021-11-01 11:34:00
62116.27,62116.27,62084.63,62114.39,1635766500,5.18036675,2021-11-01 11:35:00
62076.33,62157.05,62047.13,62121.53,1635766560,14.16647034,2021-11-01 11:36:00
62097.67,62108.73,62082.55,62082.7,1635766620,4.67689261,2021-11-01 11:37:00
62107.06,62107.06,62078.59,62092.44,1635766680,0.84500700,2021-11-01 11:38:00
62068.49,62112.66,62040.41,62102.47,1635766740,1.90511603,2021-11-01 11:39:00
62038.08,62115.89,62035,62089.88,1635766800,0.59807100,2021-11-01 11:40:00
62005.67,62063.01,61952.14,62061.47,1635766860,3.34468324,2021-11-01 11:41:00
61927.97,62001.93,61925.64,62001.93,1635766920,2.39171565,2021-11-01 11:42:00
61920.57,61953.65,61840.78,61939.56,1635766980,6.73082436,2021-11-01 11:43:00
61956.46,61974.87,61905.46,61905.46,1635767040,2.82365242,2021-11-01 11:44:00
61994.07,62007.68,61933.45,61961.23,1635767100,1.30608386,2021-11-01 11:45:00
61994.47,62007.63,61963.06,61998.87,1635767160,4.36877042,2021-11-01 11:46:00
62080.66,62100.86,61994.47,61997.57,1635767220,4.02349469,2021-11-01 11:47:00
62027.53,62078.69,62000,62078.69,1635767280,12.37958532,2021-11-01 11:48:00
61954.16,62023.06,61942.03,62023.06,1635767340,1.18219218,2021-11-01 11:49:00
61971.06,61971.45,61920.36,61938.16,1635767400,0.10525673,2021-11-01 11:50:00
61941.27,61983.86,61892.24,61959.52,1635767460,3.41558981,2021-11-01 11:51:00
62002.94,62002.94,61928.19,61928.19,1635767520,0.97122705,2021-11-01 11:52:00
61962.98,62017.29,61962.64,62001.22,1635767580,5.42200769,2021-11-01 11:53:00
61996.55,61996.55,61962.98,61962.98,1635767640,0.57851582,2021-11-01 11:54:00
61968.71,62000.62,61947.06,61976.51,1635767700,4.63572685,2021-11-01 11:55:00
61908.22,61963.63,61908.22,61963.63,1635767760,1.18699509,2021-11-01 11:56:00
61839.55,61914.83,61839.55,61902.3,1635767820,1.20804838,2021-11-01 11:57:00
61833.36,61877.45,61833.36,61868.81,1635767880,1.86324963,2021-11-01 11:58:00
61853.49,61914.02,61853.49,61900.31,1635767940,1.62351523,2021-11-01 11:59:00
61858.43,61928.37,61858.43,61867.4,1635768000,0.69309750,2021-11-01 12:00:00
61930.99,61932.64,61880.75,61880.75,1635768060,0.51942428,2021-11-01 12:01:00
62019.71,62054.8,61911.56,61924.64,1635768120,15.22003110,2021-11-01 12:02:00
62040.24,62167.77,62021.88,62021.88,1635768180,13.04292514,2021-11-01 12:03:00
62038.57,62060.05,62030.94,62036.22,1635768240,0.33924355,2021-11-01 12:04:00
62042.17,62048.54,62026.67,62048.54,1635768300,0.40170338,2021-11-01 12:05:00
62026.93,62052.75,61998.86,62052.75,1635768360,2.94267451,2021-11-01 12:06:00
62017.83,62048.04,61990.76,62048.04,1635768420,0.28846415,2021-11-01 12:07:00
61982.34,62024.91,61982.34,61999.22,1635768480,0.28094944,2021-11-01 12:08:00
62036.18,62036.18,61980.99,61980.99,1635768540,0.84558423,2021-11-01 12:09:00
62088.97,62120.63,62034.76,62034.76,1635768600,0.99585627,2021-11-01 12:10:00
62191.77,62230.81,62093.81,62096.41,1635768660,2.19852072,2021-11-01 12:11:00
62141.52,62231.79,62121.81,62229.52,1635768720,4.81287094,2021-11-01 12:12:00
62097.26,62141.5,62093.51,62141.5,1635768780,0.61799601,2021-11-01 12:13:00
62116.5,62172.63,62111.9,62111.9,1635768840,1.52476635,2021-11-01 12:14:00
62059.43,62116.56,62059.43,62110,1635768900,0.40776707,2021-11-01 12:15:00
62060.28,62077.89,62028.89,62063.08,1635768960,5.67312643,2021-11-01 12:16:00
61978.43,62061.57,61977.93,62061.57,1635769020,4.71539202,2021-11-01 12:17:00
62000,62013.95,61974.6,61991.47,1635769080,6.79226256,2021-11-01 12:18:00
61986.57,62017.2,61945.54,62017.2,1635769140,0.40534276,2021-11-01 12:19:00
62000,62000,61960.83,61982.34,1635769200,0.78442104,2021-11-01 12:20:00
61948.73,62025.98,61930.82,62000,1635769260,7.57820693,2021-11-01 12:21:00
61928.07,61956.22,61928.07,61954.12,1635769320,1.39156720,2021-11-01 12:22:00
61898.02,61970.97,61870.61,61970.97,1635769380,3.89343863,2021-11-01 12:23:00
61875.02,61902.2,61814.82,61902.2,1635769440,3.22607829,2021-11-01 12:24:00
61893.12,61893.12,61791.7,61853.48,1635769500,1.80173342,2021-11-01 12:25:00
61917.64,61942.75,61913.01,61927.28,1635769560,0.85161481,2021-11-01 12:26:00
61843.54,61921.73,61843.54,61921.73,1635769620,0.81919000,2021-11-01 12:27:00
61822.06,61844.78,61752.58,61839.77,1635769680,2.38193139,2021-11-01 12:28:00
61875,61921.44,61834.42,61834.42,1635769740,1.61733703,2021-11-01 12:29:00
61884.55,61909.12,61845.57,61867.23,1635769800,1.81231600,2021-11-01 12:30:00
61890.04,61899.1,61868.87,61881.34,1635769860,0.18135213,2021-11-01 12:31:00
61868.14,61916.64,61868.14,61879.75,1635769920,5.33420000,2021-11-01 12:32:00
61819.24,61845.15,61819.24,61825.5,1635769980,0.29979000,2021-11-01 12:33:00
61868.65,61868.65,61808.34,61808.34,1635770040,0.20505322,2021-11-01 12:34:00
61863.95,61927.88,61863.95,61907.85,1635770100,0.04672784,2021-11-01 12:35:00
61880.1,61880.1,61846.14,61849.11,1635770160,2.72587013,2021-11-01 12:36:00
61856.75,61867.39,61854.15,61867.39,1635770220,0.08129914,2021-11-01 12:37:00
61860.97,61881.35,61817.14,61865.65,1635770280,3.08887631,2021-11-01 12:38:00
61884.35,61901.75,61875.85,61875.85,1635770340,1.20626754,2021-11-01 12:39:00
61894.18,61904.16,61884.35,61890.25,1635770400,0.17943903,2021-11-01 12:40:00
61846.04,61867.95,61837.43,61867.95,1635770460,0.35425447,2021-11-01 12:41:00
61872.35,61872.35,61857.05,61857.65,1635770520,0.42641695,2021-11-01 12:42:00
61866.77,61869.95,61866.77,61869.95,1635770580,0.00412000,2021-11-01 12:43:00
61851.86,61883.45,61846,61879.85,1635770640,0.17808166,2021-11-01 12:44:00
61880.04,61880.04,61851.86,61854.8,1635770700,0.02183000,2021-11-01 12:45:00
61822.3,61888.19,61822.3,61888.19,1635770760,0.31199000,2021-11-01 12:46:00
61817,61840.84,61814.53,61840.84,1635770820,0.26587741,2021-11-01 12:47:00
61813.59,61886.89,61676.81,61836.21,1635770880,8.72619882,2021-11-01 12:48:00
61847.95,61903.99,61825.31,61825.31,1635770940,0.50635057,2021-11-01 12:49:00
61869.95,61893.73,61860.33,61871.09,1635771000,0.02286272,2021-11-01 12:50:00
61900,61900,61863.81,61863.81,1635771060,0.72357830,2021-11-01 12:51:00
61897.01,61923.96,61878.77,61901.01,1635771120,0.79237518,2021-11-01 12:52:00
61923.96,61923.96,61896.55,61896.55,1635771180,0.11792719,2021-11-01 12:53:00
62000,62038.43,61937.96,61937.96,1635771240,3.97474484,2021-11-01 12:54:00
61941.46,61989.54,61914.66,61989.54,1635771300,0.42515871,2021-11-01 12:55:00
61888.88,61937.32,61888.88,61911.58,1635771360,0.72184561,2021-11-01 12:56:00
61874.28,61889.12,61856.93,61889.12,1635771420,0.07913433,2021-11-01 12:57:00
61888.8,61893.36,61858.6,61858.6,1635771480,0.00252942,2021-11-01 12:58:00
61893.3,61928.12,61893.3,61895.8,1635771540,1.07430698,2021-11-01 12:59:00
61938.74,61938.74,61922.94,61922.94,1635771600,0.19788730,2021-11-01 13:00:00
61872.04,61896.22,61872.04,61896.22,1635771660,0.01432000,2021-11-01 13:01:00
61889.08,61914.49,61872.04,61913.09,1635771720,5.59305231,2021-11-01 13:02:00
61828.48,61872.04,61820.67,61872.04,1635771780,0.07067016,2021-11-01 13:03:00
61804.48,61825.76,61794.29,61825.76,1635771840,0.23568341,2021-11-01 13:04:00
61828.03,61828.03,61798.59,61806.2,1635771900,0.32040859,2021-11-01 13:05:00
61833.79,61842.12,61815.57,61821.08,1635771960,1.87552891,2021-11-01 13:06:00
61827.12,61864.08,61799.09,61836.14,1635772020,3.01710515,2021-11-01 13:07:00
61835.03,61839.9,61799.71,61818.09,1635772080,0.06845093,2021-11-01 13:08:00
61800.49,61837.28,61795.15,61795.15,1635772140,0.35438940,2021-11-01 13:09:00
61793.7,61794.1,61762.01,61787.7,1635772200,0.43698745,2021-11-01 13:10:00
61819.74,61866.3,61800.42,61803.17,1635772260,0.85866740,2021-11-01 13:11:00
61822.66,61822.66,61800.99,61804.68,1635772320,0.47050616,2021-11-01 13:12:00
61811.68,61834.37,61788.15,61834.37,1635772380,1.06755155,2021-11-01 13:13:00
61820.76,61820.76,61789.55,61799.08,1635772440,0.27395285,2021-11-01 13:14:00
61812.63,61858.7,61806.2,61843.35,1635772500,0.45768945,2021-11-01 13:15:00
61834.8,61834.8,61790.01,61790.01,1635772560,0.07167300,2021-11-01 13:16:00
61849.54,61849.54,61823.28,61823.28,1635772620,0.00865000,2021-11-01 13:17:00
61840.5,61852.91,61818.76,61842.18,1635772680,0.28945803,2021-11-01 13:18:00
61834.45,61841.64,61834.45,61841.64,1635772740,0.00183000,2021-11-01 13:19:00
61861.84,61861.84,61828.67,61828.67,1635772800,0.06738735,2021-11-01 13:20:00
61836.74,61870,61825.29,61866.35,1635772860,0.49450372,2021-11-01 13:21:00
61761.13,61827.68,61722.08,61816.63,1635772920,4.59370872,2021-11-01 13:22:00
61762.63,61767.89,61739.46,61761.47,1635772980,0.91374628,2021-11-01 13:23:00
61864.57,61864.57,61751.5,61757.21,1635773040,3.10728705,2021-11-01 13:24:00
61801.22,61848.53,61801.22,61848.53,1635773100,1.19093102,2021-11-01 13:25:00
61852.18,61852.18,61799.01,61818.73,1635773160,0.02777243,2021-11-01 13:26:00
61856.01,61863.67,61838.45,61856.5,1635773220,3.44844928,2021-11-01 13:27:00
61893.79,61893.79,61847.44,61856.39,1635773280,1.84880363,2021-11-01 13:28:00
61922.71,61932.69,61895.49,61895.49,1635773340,0.28830970,2021-11-01 13:29:00
61907.08,61931.33,61900,61929.38,1635773400,11.79399581,2021-11-01 13:30:00
61888.79,61907.08,61878.55,61907.08,1635773460,1.75781479,2021-11-01 13:31:00
61935.96,61935.96,61918.29,61930.65,1635773520,0.09399000,2021-11-01 13:32:00
61978.84,61980.2,61941.58,61941.58,1635773580,5.89292625,2021-11-01 13:33:00
62019.36,62030.73,61978.89,61978.89,1635773640,0.45210080,2021-11-01 13:34:00
61977.63,62018.33,61977.63,62014.63,1635773700,0.27407488,2021-11-01 13:35:00
61930,61969.95,61917.74,61959.35,1635773760,2.66562183,2021-11-01 13:36:00
61836.35,61946.87,61834.18,61946.87,1635773820,1.68950510,2021-11-01 13:37:00
61984.2,62001.24,61819.08,61830.6,1635773880,0.82049109,2021-11-01 13:38:00
62025.96,62039.49,61977.55,61977.55,1635773940,2.33382809,2021-11-01 13:39:00
61958.45,62002.26,61958.34,62002.26,1635774000,0.29343896,2021-11-01 13:40:00
61919.28,61932.33,61866.16,61923.64,1635774060,3.08750492,2021-11-01 13:41:00
61964.84,62000.04,61947.91,61950.97,1635774120,0.64231519,2021-11-01 13:42:00
61934.83,61960.67,61934.83,61940.45,1635774180,0.04218886,2021-11-01 13:43:00
61960.07,61960.07,61893.36,61905.95,1635774240,0.71613900,2021-11-01 13:44:00
61951.73,61970.53,61940.13,61965.3,1635774300,0.46275054,2021-11-01 13:45:00
61987.11,61987.11,61934.44,61954.53,1635774360,0.47884791,2021-11-01 13:46:00
61945.75,62033.55,61918.54,61990.86,1635774420,7.85992853,2021-11-01 13:47:00
61916.84,61964.94,61899.45,61964.94,1635774480,2.04971325,2021-11-01 13:48:00
61866.63,61937.86,61864.08,61932.67,1635774540,3.43056957,2021-11-01 13:49:00
61896.64,61896.66,61832.55,61840.65,1635774600,0.47760371,2021-11-01 13:50:00
61969.55,61975.35,61896.06,61896.67,1635774660,1.28445318,2021-11-01 13:51:00
61980.27,61980.27,61922.94,61973.49,1635774720,0.08355656,2021-11-01 13:52:00
61982.98,62002.37,61949.96,61995.75,1635774780,1.26879160,2021-11-01 13:53:00
61979.73,61995.86,61962.93,61995.7,1635774840,0.38129239,2021-11-01 13:54:00
62055.82,62099.21,61985.49,61985.49,1635774900,3.19866215,2021-11-01 13:55:00
62029.88,62063.11,61982.71,62063.11,1635774960,0.31755049,2021-11-01 13:56:00
61980.94,61992.95,61980.94,61987.05,1635775020,0.05317000,2021-11-01 13:57:00
61960.3,61984.15,61960.3,61984.15,1635775080,0.04512635,2021-11-01 13:58:00
61998.27,62002.68,61952.97,61967.65,1635775140,0.89209000,2021-11-01 13:59:00
61920.08,62044.35,61920.08,61984.73,1635775200,2.12998991,2021-11-01 14:00:00
61918.14,61946.68,61914.76,61946.68,1635775260,1.01780440,2021-11-01 14:01:00
61898.74,61942.43,61898.74,61915.44,1635775320,0.43343472,2021-11-01 14:02:00
61885.67,61892.01,61855.06,61888.75,1635775380,0.92874271,2021-11-01 14:03:00
61820.89,61900.84,61793.66,61883.74,1635775440,5.27041794,2021-11-01 14:04:00
61805.36,61860.7,61805.36,61831.07,1635775500,1.18026400,2021-11-01 14:05:00
61799.75,61820.06,61774.38,61807.75,1635775560,2.03665137,2021-11-01 14:06:00
61803.76,61821.57,61774.08,61801.45,1635775620,0.85371942,2021-11-01 14:07:00
61820.7,61831.45,61803,61803,1635775680,1.07173485,2021-11-01 14:08:00
61838.34,61838.34,61809.59,61825.15,1635775740,0.13127434,2021-11-01 14:09:00
61808.7,61848.9,61793.07,61848.9,1635775800,0.08839204,2021-11-01 14:10:00
61807.17,61858.54,61787.99,61819.56,1635775860,0.28473600,2021-11-01 14:11:00
61792.26,61808.8,61783.96,61795.19,1635775920,0.33971641,2021-11-01 14:12:00
61810.07,61815.23,61788.12,61790.36,1635775980,0.28415671,2021-11-01 14:13:00
61782.57,61810.94,61782.57,61793.21,1635776040,0.01245000,2021-11-01 14:14:00
61839.96,61839.96,61811.04,61811.04,1635776100,0.17667771,2021-11-01 14:15:00
61847.22,61849.3,61847.22,61849.3,1635776160,0.00914156,2021-11-01 14:16:00
61843.25,61846.33,61843.25,61846.33,1635776220,0.02940880,2021-11-01 14:17:00
61867.97,61875.15,61806.26,61844.3,1635776280,1.13236379,2021-11-01 14:18:00
61869.86,61874.07,61843.16,61846.85,1635776340,1.17878932,2021-11-01 14:19:00
61848.39,61877.91,61829.45,61867.51,1635776400,0.13795603,2021-11-01 14:20:00
61897.59,61904.66,61848.45,61851.51,1635776460,0.24763626,2021-11-01 14:21:00
61874.47,61916.94,61848.98,61899.85,1635776520,1.00679132,2021-11-01 14:22:00
61845.21,61867.13,61839.66,61862.95,1635776580,0.83965949,2021-11-01 14:23:00
61807.74,61832.39,61807.52,61820,1635776640,0.57597192,2021-11-01 14:24:00
61791.41,61833.14,61780.11,61809.06,1635776700,0.75648661,2021-11-01 14:25:00
61775.48,61804.68,61768.37,61781.56,1635776760,1.15445233,2021-11-01 14:26:00
61787.22,61812.59,61763.8,61789.1,1635776820,1.57045227,2021-11-01 14:27:00
61789.55,61817.78,61782.12,61782.45,1635776880,0.84491013,2021-11-01 14:28:00
61771.27,61802.79,61766.85,61772.66,1635776940,0.90835003,2021-11-01 14:29:00
61796.81,61797.6,61758.87,61771.27,1635777000,0.58031234,2021-11-01 14:30:00
61771.94,61813.27,61770.35,61796.26,1635777060,0.52527026,2021-11-01 14:31:00
61749.52,61762.46,61726.62,61756.47,1635777120,1.04215948,2021-11-01 14:32:00
61735.19,61735.19,61722.04,61734.08,1635777180,0.22273183,2021-11-01 14:33:00
61784.57,61808.08,61764.55,61764.55,1635777240,0.72454584,2021-11-01 14:34:00
61762.48,61794.19,61762.48,61783.68,1635777300,0.34129531,2021-11-01 14:35:00
61750.77,61758.48,61716.09,61754.1,1635777360,6.82287217,2021-11-01 14:36:00
61746.56,61746.56,61711.12,61711.12,1635777420,0.67474494,2021-11-01 14:37:00
61711.68,61739.41,61685.36,61739.41,1635777480,2.14727663,2021-11-01 14:38:00
61712.99,61738.79,61688.51,61698.49,1635777540,2.82996803,2021-11-01 14:39:00
61691.51,61716.55,61685.09,61697.22,1635777600,2.03608780,2021-11-01 14:40:00
61702.82,61724.96,61687.36,61699.71,1635777660,1.28678000,2021-11-01 14:41:00
61708.54,61733.82,61695.97,61717.01,1635777720,1.31824093,2021-11-01 14:42:00
61743.07,61743.07,61706.86,61713.97,1635777780,11.65468165,2021-11-01 14:43:00
61732.07,61751.98,61709.18,61751.98,1635777840,2.16334497,2021-11-01 14:44:00
61740.7,61790.89,61713.59,61716.68,1635777900,0.66900922,2021-11-01 14:45:00
61725.06,61781.91,61723.11,61723.11,1635777960,0.57682493,2021-11-01 14:46:00
61641.18,61746.17,61521.5,61737.24,1635778020,16.82304302,2021-11-01 14:47:00
61665.25,61670.94,61627.43,61670.94,1635778080,1.59535037,2021-11-01 14:48:00
61715.02,61740.6,61654.79,61665.38,1635778140,1.42143049,2021-11-01 14:49:00
61652.85,61725.01,61651.31,61715,1635778200,0.64910612,2021-11-01 14:50:00
61624.31,61630.49,61596.79,61599.73,1635778260,0.46977837,2021-11-01 14:51:00
61646.4,61699.74,61646.4,61667.4,1635778320,0.15207358,2021-11-01 14:52:00
61588.52,61643.44,61588.52,61637.08,1635778380,1.91974239,2021-11-01 14:53:00
61594.3,61605.96,61568.61,61577.97,1635778440,0.54145221,2021-11-01 14:54:00
61475,61572.73,61475,61552.31,1635778500,3.56533265,2021-11-01 14:55:00
61466.3,61513.4,61425.01,61450,1635778560,1.60937119,2021-11-01 14:56:00
61372.27,61471.63,61344.05,61467.63,1635778620,6.95984059,2021-11-01 14:57:00
61435.09,61443.59,61328.9,61363.21,1635778680,3.11422113,2021-11-01 14:58:00
61479.74,61523.7,61439.12,61451.2,1635778740,0.60406297,2021-11-01 14:59:00
61516.88,61558.96,61491.1,61496.7,1635778800,3.17978514,2021-11-01 15:00:00
61577.73,61577.73,61546.81,61568.25,1635778860,0.59365000,2021-11-01 15:01:00
61541.92,61562.34,61505.93,61562.34,1635778920,0.71583317,2021-11-01 15:02:00
61489.19,61554.9,61488.42,61554.9,1635778980,0.13590000,2021-11-01 15:03:00
61427.42,61480.3,61427.42,61448.38,1635779040,0.94089580,2021-11-01 15:04:00
61521.69,61527.83,61427.67,61427.67,1635779100,0.22244070,2021-11-01 15:05:00
61473.65,61539.66,61464.92,61539.66,1635779160,0.90438000,2021-11-01 15:06:00
61539.29,61539.35,61483.48,61507.89,1635779220,1.91297413,2021-11-01 15:07:00
61532.75,61538.24,61500.82,61534.84,1635779280,0.74470967,2021-11-01 15:08:00
61497.84,61521.27,61487.04,61521.27,1635779340,0.30543197,2021-11-01 15:09:00
61534.75,61559.43,61495.09,61497.84,1635779400,2.18880102,2021-11-01 15:10:00
61526.13,61536.11,61514.73,61535.93,1635779460,0.79780767,2021-11-01 15:11:00
61432.9,61513.55,61427.53,61496.93,1635779520,2.23427953,2021-11-01 15:12:00
61495.37,61545.13,61432.9,61432.9,1635779580,1.34728287,2021-11-01 15:13:00
61488.72,61524.22,61476.93,61497.44,1635779640,0.87881000,2021-11-01 15:14:00
61506.79,61530.06,61471.96,61495.83,1635779700,0.87286349,2021-11-01 15:15:00
61531.41,61555.12,61500.63,61502.66,1635779760,0.61279897,2021-11-01 15:16:00
61553.39,61554.31,61519.56,61528,1635779820,0.28689197,2021-11-01 15:17:00
61550.64,61556.42,61526.48,61526.48,1635779880,0.38154347,2021-11-01 15:18:00
61550.84,61587.21,61529.32,61548.6,1635779940,0.45536000,2021-11-01 15:19:00
61550,61573.25,61545.45,61571.24,1635780000,0.86110000,2021-11-01 15:20:00
61557.23,61586.29,61556.81,61559.37,1635780060,0.88144940,2021-11-01 15:21:00
61591.1,61591.11,61534.92,61551.68,1635780120,0.06389000,2021-11-01 15:22:00
61611.29,61624,61573.03,61583.87,1635780180,1.06468444,2021-11-01 15:23:00
61565.78,61651.02,61565.78,61620.36,1635780240,2.41879990,2021-11-01 15:24:00
61542.59,61546.01,61525.84,61537.15,1635780300,1.97528138,2021-11-01 15:25:00
61520.23,61555.66,61520.23,61555.66,1635780360,0.42207000,2021-11-01 15:26:00
61452.22,61550.11,61452.22,61520.26,1635780420,1.75695392,2021-11-01 15:27:00
61507.48,61535.7,61448.92,61452.62,1635780480,0.92422000,2021-11-01 15:28:00
61506.4,61516.27,61494.62,61508.58,1635780540,0.85050102,2021-11-01 15:29:00
61557.14,61571.38,61476.87,61489.73,1635780600,0.60708483,2021-11-01 15:30:00
61589.82,61626.27,61523.08,61524.06,1635780660,1.49174929,2021-11-01 15:31:00
61574.71,61608.45,61572.02,61607.44,1635780720,0.08012436,2021-11-01 15:32:00
61576.88,61580.75,61557.13,61576.45,1635780780,0.02084046,2021-11-01 15:33:00
61561.6,61576.73,61555.07,61569.25,1635780840,0.04444000,2021-11-01 15:34:00
61610,61610,61593.51,61595.38,1635780900,0.29861000,2021-11-01 15:35:00
61597.87,61610,61574.42,61589.15,1635780960,1.79506456,2021-11-01 15:36:00
61546.21,61619.87,61546.21,61617.01,1635781020,0.41539549,2021-11-01 15:37:00
61546.21,61546.21,61546.21,61546.21,1635781080,0.05126435,2021-11-01 15:38:00
61573.26,61580.79,61558.44,61573.52,1635781140,0.06201567,2021-11-01 15:39:00
61559.87,61600,61548.03,61550.57,1635781200,1.53256656,2021-11-01 15:40:00
61549.7,61568.75,61544.28,61553.53,1635781260,0.38245971,2021-11-01 15:41:00
61544.28,61590.58,61544.28,61549.05,1635781320,3.38640159,2021-11-01 15:42:00
61521.18,61581.13,61521.18,61544.28,1635781380,1.56242114,2021-11-01 15:43:00
61505,61551.85,61505,61544.27,1635781440,0.98445672,2021-11-01 15:44:00
61542.01,61542.07,61500.7,61523.74,1635781500,0.40565000,2021-11-01 15:45:00
61487.67,61531.41,61485.25,61531.41,1635781560,0.61118427,2021-11-01 15:46:00
61506.24,61519.27,61486.95,61486.95,1635781620,0.47030961,2021-11-01 15:47:00
61460.9,61514.19,61460.9,61505.4,1635781680,0.33016022,2021-11-01 15:48:00
61500.43,61513.24,61457.75,61457.75,1635781740,0.11522176,2021-11-01 15:49:00
61514.9,61514.9,61475.47,61494.81,1635781800,0.56501491,2021-11-01 15:50:00
61530.97,61543.88,61490.23,61505.73,1635781860,1.01734842,2021-11-01 15:51:00
61491.22,61530.97,61491.22,61530.97,1635781920,0.43653609,2021-11-01 15:52:00
61467.62,61491.22,61464.17,61491.22,1635781980,0.77265404,2021-11-01 15:53:00
61460.44,61482.66,61460.44,61481.94,1635782040,0.05508398,2021-11-01 15:54:00
61536.35,61536.35,61461.61,61483.23,1635782100,0.10269831,2021-11-01 15:55:00
61619.86,61619.86,61494.43,61528.58,1635782160,4.25810835,2021-11-01 15:56:00
61598,61619.87,61580.63,61619.87,1635782220,0.74483521,2021-11-01 15:57:00
61561.92,61612.86,61556.51,61591.74,1635782280,0.38585000,2021-11-01 15:58:00
61583.19,61600.61,61565.85,61572.22,1635782340,0.13926073,2021-11-01 15:59:00
